Iteration,V0,T0,M0,P0,rho0,Error
1,233.883804375882,1657.3035619158334,0.42449872005834266,35.67621968391023,7.4983816459762656,0.2956180861689594
2,223.56900089714236,1678.8159965596344,0.29708728427576386,37.80667012691639,7.844334496221443,0.04410225627321501
3,222.72002438578266,1680.6433181793486,0.28383063779776385,37.99209153868446,7.87423596445676,0.003797380262705938
4,222.6520332301649,1680.7900484171164,0.2827404827355812,38.00701111759601,7.876640516506267,0.00030527634776112973
5,222.64660042841467,1680.8017753145905,0.2826531827176116,38.00820370898414,7.876832714484148,2.440041382696605e-05
6,222.6461664018309,1680.8027121924144,0.2826462070895881,38.00829898799103,7.876848069587039,1.94939686004771e-06
7,222.6461317279467,1680.8027870386068,0.2826456498068502,38.008306599739534,7.876849296291117,1.5573537486563855e-07
